# Catalyst ghost replay — t,x,y,thetaDeg
0.019349,9.4964,5.4964,-0.275
0.038645,9.4892,5.4925,-0.825
0.059622,9.4784,5.4888,-1.650
0.079687,9.4640,5.4852,-2.750
0.097764,9.4460,5.4817,-4.125
0.117965,9.4244,5.4784,-5.775
0.138025,9.3992,5.4751,-7.701
0.159576,9.3704,5.4718,-9.901
0.177630,9.3380,5.4687,-12.376
0.200260,9.3020,5.4656,-15.126
0.218851,9.2624,5.4626,-18.151
0.237973,9.2192,5.4596,-21.452
0.259098,9.1724,5.4567,-24.889
0.279688,9.1220,5.4538,-28.327
0.298733,9.0680,5.4509,-31.765
0.319309,9.0104,5.4481,-35.203
0.339672,8.9505,5.4452,-38.640
0.359455,8.8905,5.4424,-42.078
0.378693,8.8306,5.4395,-45.516
0.397236,8.7707,5.4367,-48.954
0.417800,8.7107,5.4338,-52.391
0.440466,8.6539,5.4311,-55.829
0.458122,8.6006,5.4286,-59.267
0.479010,8.5510,5.4263,-62.705
0.497675,8.5049,5.4242,-66.142
0.516165,8.4624,5.4223,-69.580
0.541195,8.4236,5.4205,-73.018
0.558819,8.3883,5.4189,-76.455
0.580051,8.3567,5.4174,-79.893
0.599176,8.3281,5.4160,-83.331
0.618783,8.3019,5.4147,-86.769
0.638555,8.2777,5.4135,-90.206
0.657170,8.2555,5.4124,-93.644
0.679554,8.2351,5.4114,-97.082
0.698654,8.2163,5.4105,-100.520
0.718243,8.1990,5.4097,-103.957
0.737659,8.1830,5.4089,-107.395
0.759295,8.1684,5.4082,-110.833
0.778205,8.1574,5.4082,-113.996
0.796961,8.1499,5.4082,-116.883
0.820000,8.1461,5.4082,-119.496
0.839105,8.1458,5.4082,-121.834
0.856598,8.1458,5.4082,-123.896
0.878150,8.1458,5.4082,-125.684
0.900620,8.1458,5.4082,-127.197
0.916738,8.1458,5.4082,-128.434
0.937813,8.1458,5.4082,-129.397
0.958956,8.1458,5.4082,-130.084
0.979855,8.1458,5.4082,-130.497
0.999061,8.1458,5.4082,-130.634
1.017534,8.1458,5.4082,-130.634
1.038369,8.1458,5.4082,-130.634
1.057348,8.1458,5.4082,-130.634
1.078652,8.1458,5.4082,-130.634
1.100013,8.1458,5.4082,-130.634
1.119317,8.1458,5.4082,-130.634
1.139911,8.1458,5.4082,-130.634
1.157439,8.1458,5.4082,-130.634
1.180315,8.1458,5.4082,-130.634
1.197031,8.1458,5.4082,-130.634
1.219632,8.1458,5.4082,-130.634
1.238680,8.1458,5.4082,-130.634
1.258200,8.1458,5.4082,-130.634
1.277636,8.1458,5.4082,-130.634
1.300271,8.1458,5.4082,-130.634
1.318797,8.1458,5.4082,-130.634
1.339028,8.1458,5.4082,-130.634
1.359317,8.1458,5.4082,-130.634
1.376933,8.1458,5.4082,-130.634
1.397198,8.1458,5.4082,-130.634
1.417720,8.1458,5.4082,-130.634
1.440158,8.1458,5.4082,-130.634
1.456894,8.1458,5.4082,-130.634
1.479772,8.1458,5.4082,-130.634
1.500862,8.1458,5.4082,-130.634
1.516016,8.1458,5.4082,-130.634
1.539783,8.1458,5.4082,-130.634
1.558377,8.1458,5.4082,-130.634
1.579974,8.1458,5.4082,-130.634
1.597714,8.1458,5.4082,-130.634
1.619311,8.1458,5.4082,-130.634
1.640008,8.1458,5.4082,-130.634
1.657806,8.1458,5.4082,-130.634
1.679739,8.1458,5.4082,-130.634
1.699753,8.1458,5.4082,-130.634
1.717462,8.1458,5.4082,-130.634
1.740691,8.1458,5.4082,-130.634
1.758036,8.1458,5.4082,-130.634
1.776119,8.1458,5.4082,-130.634
1.797832,8.1458,5.4082,-130.634
1.819701,8.1458,5.4082,-130.634
1.840494,8.1458,5.4082,-130.634
1.858595,8.1458,5.4082,-130.634
1.878681,8.1458,5.4082,-130.634
1.896691,8.1458,5.4082,-130.634
1.917049,8.1494,5.4118,-130.359
1.937633,8.1566,5.4174,-129.809
1.960284,8.1674,5.4230,-128.984
1.978938,8.1818,5.4284,-127.884
1.997881,8.1998,5.4338,-126.509
2.018272,8.2214,5.4391,-124.859
2.040186,8.2466,5.4444,-122.934
2.059445,8.2754,5.4495,-120.734
2.077754,8.3078,5.4547,-118.258
2.099338,8.3438,5.4597,-115.508
2.117831,8.3834,5.4648,-112.483
2.139088,8.4266,5.4697,-109.183
2.160856,8.4734,5.4747,-105.745
2.179011,8.5238,5.4797,-102.307
2.198411,8.5778,5.4846,-98.870
2.217415,8.6354,5.4895,-95.432
2.236842,8.6952,5.4944,-91.994
2.257271,8.7550,5.4993,-88.556
2.278505,8.8148,5.5042,-85.119
2.299242,8.8746,5.5091,-81.681
2.319394,8.9344,5.5140,-78.243
2.336280,8.9942,5.5189,-74.805
2.357372,9.0540,5.5238,-71.368
2.378739,9.1138,5.5288,-67.930
2.396373,9.1736,5.5337,-64.492
2.419241,9.2334,5.5386,-61.054
2.439739,9.2932,5.5435,-57.617
2.457429,9.3530,5.5484,-54.179
2.480871,9.4128,5.5533,-50.741
2.498110,9.4726,5.5582,-47.303
2.519329,9.5324,5.5631,-43.866
2.540556,9.5922,5.5680,-40.428
2.558033,9.6520,5.5729,-36.990
2.579549,9.7118,5.5778,-33.552
2.600419,9.7716,5.5828,-30.115
2.619129,9.8314,5.5877,-26.677
2.640286,9.8912,5.5926,-23.514
2.658679,9.9510,5.5975,-20.626
2.678034,10.0108,5.6024,-18.014
2.700602,10.0706,5.6073,-15.676
2.718130,10.1304,5.6122,-13.613
2.739687,10.1902,5.6171,-11.783
2.759027,10.2500,5.6220,-10.135
2.777744,10.3098,5.6269,-8.653
2.798504,10.3696,5.6318,-7.318
2.817549,10.4294,5.6367,-6.117
2.840068,10.4892,5.6417,-5.036
2.857451,10.5461,5.6463,-4.063
2.876444,10.5993,5.6506,-3.188
2.900704,10.6490,5.6546,-2.399
2.920106,10.6951,5.6582,-1.688
2.940111,10.7375,5.6615,-1.046
2.959004,10.7764,5.6646,-0.466
2.978116,10.8116,5.6675,0.058
2.999012,10.8433,5.6701,0.532
3.019324,10.8718,5.6725,0.958
3.040227,10.8981,5.6747,1.342
3.056123,10.9222,5.6767,1.688
3.081457,10.9445,5.6785,1.999
3.097758,10.9649,5.6803,2.279
3.118314,10.9837,5.6818,2.531
3.136496,11.0010,5.6833,2.758
3.160859,11.0169,5.6846,2.962
3.179053,11.0316,5.6859,3.146
3.199550,11.0426,5.6859,3.146
3.218567,11.0501,5.6859,3.146
3.239309,11.0539,5.6859,3.146
3.259950,11.0542,5.6859,3.146
3.277793,11.0542,5.6859,3.146
3.299356,11.0542,5.6859,3.146
3.318054,11.0542,5.6859,3.146
3.340457,11.0578,5.6823,2.871
3.359673,11.0650,5.6751,2.320
3.379116,11.0758,5.6647,1.495
3.396655,11.0902,5.6546,0.395
3.417189,11.1082,5.6447,-0.597
3.437577,11.1298,5.6349,-1.475
3.456803,11.1550,5.6253,-2.250
3.478769,11.1838,5.6158,-2.934
3.499086,11.2162,5.6065,-3.538
3.520165,11.2522,5.5972,-4.071
3.538770,11.2918,5.5880,-4.542
3.559291,11.3350,5.5790,-4.958
3.576949,11.3818,5.5700,-5.327
3.599121,11.4322,5.5610,-5.653
3.616893,11.4862,5.5521,-5.943
3.638491,11.5438,5.5432,-6.202
3.660340,11.6031,5.5343,-6.434
3.678084,11.6624,5.5254,-6.643
3.700107,11.7218,5.5165,-6.831
3.719179,11.7811,5.5076,-7.000
3.739846,11.8405,5.4987,-7.152
3.756202,11.8998,5.4898,-7.289
3.780279,11.9591,5.4809,-7.413
3.798079,12.0185,5.4720,-7.524
3.819108,12.0778,5.4631,-7.624
3.839514,12.1371,5.4542,-7.714
3.860278,12.1965,5.4454,-7.795
3.879557,12.2558,5.4365,-7.868
3.896201,12.3151,5.4276,-7.933
3.919143,12.3745,5.4187,-7.992
3.939319,12.4338,5.4098,-8.045
3.956574,12.4932,5.4009,-8.093
3.978167,12.5525,5.3920,-8.136
3.997209,12.6118,5.3831,-8.175
4.019792,12.6712,5.3742,-8.210
4.039598,12.7305,5.3653,-8.241
4.057478,12.7898,5.3564,-8.269
4.077823,12.8467,5.3479,-8.295
4.100781,12.8999,5.3401,-8.317
4.119491,12.9495,5.3329,-8.339
4.137075,12.9955,5.3262,-8.362
4.160751,13.0379,5.3201,-8.385
4.178265,13.0767,5.3145,-8.409
4.199102,13.1119,5.3094,-8.435
4.219062,13.1435,5.3046,-8.462
4.240420,13.1721,5.3003,-8.487
4.258494,13.1983,5.2962,-8.509
4.278416,13.2224,5.2925,-8.529
4.300712,13.2446,5.2891,-8.548
4.319470,13.2651,5.2860,-8.564
4.339040,13.2839,5.2831,-8.579
4.359960,13.3012,5.2805,-8.592
4.378663,13.3171,5.2780,-8.604
4.398473,13.3317,5.2758,-8.615
4.419367,13.3427,5.2758,-8.615
4.436736,13.3502,5.2758,-8.615
4.456726,13.3540,5.2758,-8.615
4.477823,13.3542,5.2758,-8.615
4.497552,13.3542,5.2758,-8.615
4.520281,13.3542,5.2758,-8.615
4.540186,13.3542,5.2758,-8.615
4.560200,13.3542,5.2758,-8.615
4.580347,13.3542,5.2758,-8.615
4.599333,13.3542,5.2758,-8.615
4.617796,13.3542,5.2758,-8.615
4.640028,13.3542,5.2758,-8.615
4.659855,13.3542,5.2758,-8.615
4.676840,13.3542,5.2758,-8.615
4.701121,13.3542,5.2758,-8.615
4.719273,13.3542,5.2758,-8.615
4.738105,13.3542,5.2758,-8.615
4.760023,13.3542,5.2758,-8.615
4.777265,13.3542,5.2758,-8.615
4.800740,13.3542,5.2758,-8.615
4.819055,13.3542,5.2758,-8.615
4.837567,13.3542,5.2758,-8.615
4.860440,13.3542,5.2758,-8.615
4.877575,13.3542,5.2758,-8.615
4.899253,13.3542,5.2758,-8.615
4.919027,13.3542,5.2758,-8.615
4.939933,13.3542,5.2758,-8.615
4.957099,13.3542,5.2758,-8.615
4.977240,13.3542,5.2758,-8.615
5.000838,13.3542,5.2758,-8.615
5.019748,13.3542,5.2758,-8.615
5.040058,13.3542,5.2758,-8.615
5.057880,13.3542,5.2758,-8.615
5.076387,13.3542,5.2758,-8.615
5.097345,13.3542,5.2758,-8.615
5.119229,13.3542,5.2758,-8.615
5.140329,13.3542,5.2758,-8.615
5.158667,13.3542,5.2758,-8.615
5.179742,13.3542,5.2758,-8.615
5.200237,13.3542,5.2758,-8.615
5.219894,13.3542,5.2758,-8.615
5.239570,13.3542,5.2758,-8.615
5.256849,13.3542,5.2758,-8.615
5.279842,13.3542,5.2758,-8.615
5.298623,13.3542,5.2758,-8.615
5.319708,13.3542,5.2758,-8.615
5.338833,13.3542,5.2758,-8.615
5.359461,13.3542,5.2758,-8.615
5.378180,13.3542,5.2758,-8.615
5.398645,13.3542,5.2758,-8.615
5.418885,13.3542,5.2758,-8.615
5.439997,13.3542,5.2758,-8.615
5.460005,13.3542,5.2758,-8.615
5.479443,13.3542,5.2758,-8.615
5.500225,13.3542,5.2758,-8.615
5.517624,13.3542,5.2758,-8.615
5.540427,13.3542,5.2758,-8.615
5.560217,13.3506,5.2794,-8.340
5.578607,13.3434,5.2866,-7.790
5.598432,13.3326,5.2974,-6.965
5.618884,13.3182,5.3085,-5.865
5.637714,13.3002,5.3194,-4.490
5.660733,13.2786,5.3301,-2.839
5.679556,13.2534,5.3406,-0.914
5.699809,13.2246,5.3510,1.286
5.717329,13.1922,5.3612,3.761
5.737208,13.1562,5.3712,6.511
5.756721,13.1166,5.3812,9.536
5.780870,13.0734,5.3910,12.837
5.798846,13.0266,5.4008,16.274
5.819858,12.9762,5.4105,19.712
5.839841,12.9222,5.4201,23.150
5.859392,12.8646,5.4298,26.588
5.879563,12.8054,5.4394,30.025
5.896736,12.7462,5.4490,33.463
5.921675,12.6870,5.4586,36.901
5.936795,12.6277,5.4682,40.339
5.960837,12.5685,5.4778,43.776
5.978470,12.5093,5.4874,47.214
6.000498,12.4501,5.4971,50.652
6.020044,12.3908,5.5067,54.090
6.037353,12.3316,5.5163,57.527
6.058375,12.2724,5.5259,60.965
6.077853,12.2132,5.5355,64.403
6.096975,12.1539,5.5451,67.841
6.118574,12.0947,5.5547,71.278
6.137616,12.0355,5.5644,74.716
6.159103,11.9763,5.5740,78.154
6.177588,11.9170,5.5836,81.592
6.196977,11.8597,5.5929,85.029
6.217257,11.8059,5.6015,88.467
6.237130,11.7558,5.6094,91.905
6.257636,11.7092,5.6166,95.343
6.278832,11.6662,5.6233,98.780
6.297689,11.6269,5.6294,102.218
6.319296,11.5911,5.6351,105.656
6.339200,11.5589,5.6403,109.094
6.359484,11.5302,5.6450,112.531
6.379526,11.5038,5.6494,115.969
6.400416,11.4795,5.6535,119.407
6.420075,11.4571,5.6572,122.845
6.436457,11.4366,5.6606,126.282
6.458382,11.4176,5.6638,129.720
6.477575,11.4002,5.6667,133.158
6.498904,11.3842,5.6693,136.596
6.517487,11.3695,5.6718,139.991
6.540802,11.3583,5.6718,143.111
6.557367,11.3508,5.6718,145.957
6.579374,11.3469,5.6718,148.527
6.600336,11.3465,5.6718,150.823
6.619403,11.3465,5.6718,152.843
6.636956,11.3465,5.6718,154.588
6.660757,11.3465,5.6718,156.059
6.676635,11.3429,5.6682,157.804
6.698625,11.3357,5.6610,159.824
6.719991,11.3249,5.6502,162.120
6.738362,11.3105,5.6358,164.690
6.756468,11.2925,5.6178,167.536
6.776106,11.2709,5.5962,170.656
6.800793,11.2457,5.5710,174.052
6.817141,11.2169,5.5422,177.489
6.839958,11.1845,5.5098,180.927
6.857563,11.1485,5.4738,184.365
6.876580,11.1089,5.4348,187.803
6.898710,11.0657,5.3958,191.073
6.920494,11.0201,5.3569,194.068
6.936313,10.9745,5.3179,196.788
6.956680,10.9288,5.2790,199.233
6.978664,10.8832,5.2400,201.403
7.000717,10.8375,5.2011,203.311
7.016499,10.7919,5.1621,205.027
7.038104,10.7463,5.1232,206.573
7.059545,10.7006,5.0842,207.963
7.076912,10.6550,5.0452,209.215
7.098527,10.6093,5.0063,210.341
7.120464,10.5637,4.9673,211.355
7.140095,10.5181,4.9284,212.268
7.159434,10.4724,4.8894,213.089
7.180125,10.4268,4.8505,213.828
7.198394,10.3812,4.8115,214.493
7.216924,10.3355,4.7726,215.092
7.239905,10.2899,4.7336,215.631
7.256478,10.2442,4.6947,216.116
7.278059,10.1986,4.6557,216.552
7.297486,10.1530,4.6168,216.945
7.320939,10.1073,4.5778,217.298
7.337801,10.0617,4.5389,217.616
7.359470,10.0160,4.4999,217.903
7.380319,9.9704,4.4610,218.160
7.398921,9.9248,4.4220,218.392
7.419504,9.8791,4.3831,218.601
7.439640,9.8335,4.3441,218.789
7.458819,9.7879,4.3052,218.958
7.478765,9.7422,4.2662,219.110
7.499508,9.6966,4.2273,219.247
7.519368,9.6509,4.1883,219.370
7.536897,9.6053,4.1494,219.481
7.560544,9.5597,4.1104,219.581
7.579378,9.5140,4.0715,219.671
7.600050,9.4684,4.0325,219.752
7.619891,9.4228,3.9936,219.825
7.639142,9.3771,3.9546,219.890
7.658395,9.3315,3.9157,219.949
7.681025,9.2858,3.8767,220.002
7.699366,9.2402,3.8378,220.050
7.718293,9.1946,3.7988,220.093
7.738007,9.1489,3.7599,220.132
7.760743,9.1033,3.7209,220.166
7.778140,9.0576,3.6820,220.198
7.797547,9.0120,3.6430,220.226
7.820353,8.9664,3.6041,220.251
7.837622,8.9207,3.5651,220.274
7.856819,8.8751,3.5262,220.295
7.877452,8.8295,3.4872,220.313
7.900269,8.7838,3.4483,220.330
7.917083,8.7382,3.4093,220.345
7.940362,8.6951,3.3726,220.358
7.959317,8.6555,3.3388,220.370
7.977274,8.6191,3.3077,220.381
8.000257,8.5855,3.2791,220.391
8.018684,8.5547,3.2527,220.400
8.036125,8.5263,3.2285,220.408
8.058422,8.5002,3.2062,220.415
8.079245,8.4762,3.1857,220.422
8.098289,8.4541,3.1669,220.427
8.116863,8.4338,3.1495,220.433
8.140142,8.4151,3.1336,220.437
8.158625,8.3979,3.1189,220.442
8.181276,8.3820,3.1054,220.445
8.199111,8.3675,3.0929,220.449
8.220578,8.3541,3.0815,220.452
8.239288,8.3418,3.0710,220.455
8.257118,8.3304,3.0613,220.457
8.278764,8.3227,3.0552,220.457
8.298714,8.3185,3.0527,220.457
8.318531,8.3180,3.0527,220.457
8.338758,8.3180,3.0527,220.457
8.359047,8.3180,3.0527,220.457
8.390962,8.3180,3.0527,220.457
8.396674,8.3180,3.0527,220.457
8.420205,8.3180,3.0527,220.457
8.439788,8.3180,3.0527,220.457
8.457759,8.3180,3.0527,220.457
8.479660,8.3180,3.0527,220.457
8.499013,8.3180,3.0527,220.457
8.519754,8.3180,3.0527,220.457
8.540126,8.3180,3.0527,220.457
8.560372,8.3180,3.0527,220.457
8.578365,8.3180,3.0527,220.457
8.600000,8.3180,3.0527,220.457
8.620219,8.3180,3.0527,220.457
8.639859,8.3180,3.0527,220.457
8.656883,8.3180,3.0527,220.457
8.677318,8.3180,3.0527,220.457
8.699418,8.3180,3.0527,220.457
8.718612,8.3180,3.0527,220.457
8.737828,8.3180,3.0527,220.457
8.761377,8.3180,3.0527,220.457
8.779083,8.3180,3.0527,220.457
8.798725,8.3180,3.0527,220.457
8.820046,8.3180,3.0527,220.457
8.839965,8.3180,3.0527,220.457
8.859535,8.3180,3.0527,220.457
8.876917,8.3180,3.0527,220.457
8.900467,8.3180,3.0527,220.457
8.916420,8.3180,3.0527,220.457
8.938845,8.3180,3.0527,220.457
8.960331,8.3180,3.0527,220.457
8.979399,8.3180,3.0527,220.457
8.997973,8.3180,3.0527,220.457
9.019763,8.3180,3.0527,220.457
9.039403,8.3180,3.0527,220.457
9.059064,8.3180,3.0527,220.457
9.080268,8.3180,3.0527,220.457
9.099848,8.3180,3.0527,220.457
9.119171,8.3180,3.0527,220.457
9.138855,8.3180,3.0527,220.457
9.156966,8.3180,3.0527,220.457
9.178501,8.3180,3.0527,220.457
9.199958,8.3180,3.0527,220.457
9.217212,8.3180,3.0527,220.457
9.240559,8.3180,3.0527,220.457
9.259116,8.3180,3.0527,220.457
9.277419,8.3180,3.0527,220.457
9.300352,8.3180,3.0527,220.457
9.318512,8.3180,3.0527,220.457
9.338041,8.3180,3.0527,220.457
9.358371,8.3180,3.0527,220.457
9.379847,8.3180,3.0527,220.457
9.397868,8.3180,3.0527,220.457
9.416906,8.3216,3.0491,220.732
9.440334,8.3288,3.0419,221.282
9.459687,8.3396,3.0318,222.107
9.477241,8.3540,3.0218,223.207
9.496959,8.3720,3.0120,224.582
9.519486,8.3936,3.0024,226.233
9.538885,8.4188,2.9928,228.158
9.559512,8.4476,2.9834,230.358
9.579670,8.4800,2.9740,232.833
9.598492,8.5160,2.9648,235.583
9.618895,8.5556,2.9556,238.609
9.639933,8.5988,2.9465,241.909
9.659619,8.6456,2.9375,245.346
9.677990,8.6960,2.9285,248.784
9.700535,8.7500,2.9195,252.222
9.718149,8.8076,2.9106,255.660
9.740338,8.8669,2.9016,259.097
9.758033,8.9263,2.8927,262.535
9.780289,8.9856,2.8838,265.973
9.799840,9.0449,2.8748,269.411
9.816932,9.1042,2.8659,272.848
9.839631,9.1636,2.8569,276.286
9.859009,9.2229,2.8480,279.724
9.879859,9.2822,2.8390,283.162
9.898366,9.3416,2.8301,286.599
9.918175,9.4009,2.8212,290.037
9.938340,9.4602,2.8122,293.475
9.960544,9.5196,2.8033,296.913
9.979276,9.5789,2.7943,300.350
9.999351,9.6382,2.7854,303.788
10.017543,9.6975,2.7765,307.226
10.037532,9.7569,2.7675,310.664
10.057632,9.8162,2.7586,314.101
10.080227,9.8755,2.7496,317.539
10.096896,9.9349,2.7407,320.928
10.119757,9.9942,2.7317,324.042
10.139551,10.0535,2.7228,326.881
10.156179,10.1129,2.7139,329.445
10.179656,10.1722,2.7049,331.734
10.198699,10.2315,2.6960,333.748
10.217263,10.2908,2.6870,335.516
10.240449,10.3502,2.6781,337.107
10.259211,10.4095,2.6691,338.539
10.278254,10.4688,2.6602,339.828
10.300106,10.5273,2.6514,340.988
10.319763,10.5822,2.6433,342.032
10.339405,10.6335,2.6358,342.971
10.359365,10.6812,2.6289,343.812
10.379801,10.7253,2.6226,344.566
10.398238,10.7658,2.6168,345.239
10.419678,10.8027,2.6115,345.840
10.440196,10.8360,2.6066,346.377
10.459095,10.8657,2.6020,346.856
10.479281,10.8924,2.5979,347.286
10.499211,10.9170,2.5940,347.673
10.518000,10.9397,2.5905,348.021
10.539331,10.9605,2.5873,348.334
10.558414,10.9797,2.5843,348.616
10.577153,10.9973,2.5816,348.870
10.600462,11.0135,2.5790,349.098
10.617112,11.0284,2.5767,349.304
10.640112,11.0397,2.5767,349.304
10.659892,11.0475,2.5767,349.304
10.679897,11.0516,2.5767,349.304
10.698935,11.0521,2.5767,349.304
10.719245,11.0521,2.5767,349.304
10.736381,11.0521,2.5767,349.304
10.760694,11.0521,2.5767,349.304
10.778699,11.0557,2.5803,349.579
10.799011,11.0629,2.5875,350.129
10.820020,11.0737,2.5975,350.954
10.839616,11.0881,2.6073,352.054
10.858039,11.1061,2.6170,353.429
10.879863,11.1277,2.6265,354.995
10.898138,11.1529,2.6358,356.390
10.917852,11.1817,2.6450,357.633
10.937927,11.2141,2.6541,358.741
10.959726,11.2501,2.6630,359.727
10.977408,11.2897,2.6719,360.606
10.999217,11.3329,2.6807,361.390
11.018624,11.3797,2.6895,362.089
11.037017,11.4301,2.6982,362.713
11.057260,11.4841,2.7068,363.271
11.079647,11.5417,2.7155,363.772
11.100009,11.6011,2.7241,364.221
11.120171,11.6605,2.7327,364.626
11.136580,11.7198,2.7414,364.990
11.158974,11.7792,2.7500,365.318
11.177446,11.8386,2.7586,365.612
11.199980,11.8980,2.7672,365.878
11.217271,11.9573,2.7759,366.117
11.239266,12.0167,2.7845,366.332
11.256755,12.0761,2.7931,366.525
11.280681,12.1355,2.8017,366.699
11.298939,12.1948,2.8104,366.856
11.317843,12.2542,2.8190,366.997
11.340613,12.3136,2.8276,367.124
11.356774,12.3730,2.8363,367.238
11.380789,12.4323,2.8449,367.341
11.400110,12.4917,2.8535,367.434
11.419532,12.5511,2.8621,367.517
11.440007,12.6105,2.8708,367.592
11.456623,12.6699,2.8794,367.660
11.480441,12.7292,2.8880,367.720
11.499130,12.7886,2.8966,367.775
11.519492,12.8455,2.9049,367.824
11.538082,12.8988,2.9125,367.868
11.555802,12.9485,2.9195,367.909
11.576249,12.9947,2.9260,367.949
11.599898,13.0372,2.9319,367.988
11.616975,13.0761,2.9373,368.026
11.636479,13.1114,2.9423,368.064
11.659306,13.1431,2.9470,368.102
11.678154,13.1717,2.9512,368.137
11.696473,13.1979,2.9551,368.169
11.718029,13.2221,2.9587,368.197
11.739727,13.2443,2.9620,368.223
11.756689,13.2648,2.9650,368.246
11.776722,13.2836,2.9678,368.267
11.796448,13.3009,2.9704,368.286
11.817931,13.3168,2.9728,368.302
11.835678,13.3315,2.9750,368.318
11.859128,13.3425,2.9750,368.318
11.879735,13.3500,2.9750,368.318
11.897922,13.3538,2.9750,368.318
11.916975,13.3541,2.9750,368.318
11.940884,13.3541,2.9750,368.318
11.958527,13.3541,2.9750,368.318
11.980656,13.3541,2.9750,368.318
11.996921,13.3541,2.9750,368.318
12.016833,13.3541,2.9750,368.318
12.038119,13.3541,2.9750,368.318
12.060663,13.3541,2.9750,368.318
12.079368,13.3541,2.9750,368.318
12.098618,13.3541,2.9750,368.318
12.117341,13.3541,2.9750,368.318
12.139529,13.3541,2.9750,368.318
12.158558,13.3541,2.9750,368.318
12.179529,13.3541,2.9750,368.318
12.196725,13.3541,2.9750,368.318
12.218467,13.3541,2.9750,368.318
12.238866,13.3541,2.9750,368.318
12.260104,13.3541,2.9750,368.318
12.279238,13.3541,2.9750,368.318
12.298498,13.3541,2.9750,368.318
12.320600,13.3541,2.9750,368.318
12.339757,13.3541,2.9750,368.318
12.357270,13.3541,2.9750,368.318
12.378918,13.3541,2.9750,368.318
12.397518,13.3541,2.9750,368.318
12.418041,13.3541,2.9750,368.318
12.437089,13.3541,2.9750,368.318
12.456618,13.3541,2.9750,368.318
12.480972,13.3541,2.9750,368.318
12.498326,13.3541,2.9750,368.318
12.520570,13.3541,2.9750,368.318
12.538210,13.3541,2.9750,368.318
12.557715,13.3541,2.9750,368.318
12.576386,13.3541,2.9750,368.318
12.600208,13.3541,2.9750,368.318
12.620034,13.3541,2.9750,368.318
12.639075,13.3541,2.9750,368.318
12.657330,13.3541,2.9750,368.318
12.680785,13.3541,2.9750,368.318
12.698989,13.3541,2.9750,368.318
12.717516,13.3541,2.9750,368.318
12.740465,13.3541,2.9750,368.318
12.757473,13.3541,2.9750,368.318
12.780965,13.3541,2.9750,368.318
12.799700,13.3541,2.9750,368.318
12.819611,13.3541,2.9750,368.318
12.838223,13.3541,2.9750,368.318
12.859254,13.3541,2.9750,368.318
12.877699,13.3541,2.9750,368.318
12.900663,13.3541,2.9750,368.318
12.919857,13.3541,2.9750,368.318
12.939562,13.3541,2.9750,368.318
12.958969,13.3541,2.9750,368.318
12.977548,13.3541,2.9750,368.318
13.000226,13.3505,2.9714,368.043
13.016857,13.3433,2.9642,367.493
13.040502,13.3325,2.9534,366.667
13.058554,13.3181,2.9422,365.567
13.080279,13.3001,2.9313,364.192
13.097874,13.2785,2.9206,362.542
13.119129,13.2533,2.9100,360.617
13.139655,13.2245,2.8997,358.417
13.159867,13.1921,2.8895,355.942
13.179958,13.1561,2.8794,353.191
13.198250,13.1165,2.8694,350.166
13.219035,13.0733,2.8595,346.866
13.237244,13.0265,2.8498,343.428
13.256721,12.9761,2.8401,339.991
13.281159,12.9221,2.8304,336.553
13.298917,12.8645,2.8207,333.115
13.320219,12.8053,2.8111,329.677
13.340126,12.7461,2.8015,326.240
13.359916,12.6868,2.7918,322.802
13.376453,12.6276,2.7822,319.364
13.401129,12.5684,2.7726,315.926
13.418053,12.5092,2.7629,312.489
13.438417,12.4499,2.7533,309.051
13.458080,12.3907,2.7437,305.613
13.478899,12.3315,2.7340,302.175
13.496453,12.2723,2.7244,298.738
13.517670,12.2131,2.7148,295.300
13.538931,12.1538,2.7051,291.862
13.556749,12.0946,2.6955,288.424
13.580908,12.0354,2.6859,284.987
13.601327,11.9762,2.6762,281.549
13.617591,11.9170,2.6666,278.111
13.639310,11.8596,2.6573,274.673
13.657064,11.8058,2.6487,271.236
13.680020,11.7557,2.6408,267.798
13.697083,11.7091,2.6335,264.360
13.719269,11.6662,2.6269,260.922
13.736744,11.6268,2.6207,257.485
13.757437,11.5911,2.6151,254.047
13.780007,11.5589,2.6098,250.609
13.799403,11.5302,2.6051,247.171
13.819226,11.5038,2.6007,243.734
13.838773,11.4795,2.5966,240.296
13.859392,11.4571,2.5929,236.858
13.877100,11.4365,2.5894,233.420
13.900130,11.4176,2.5863,229.983
13.918890,11.4002,2.5834,226.545
13.940220,11.3842,2.5807,223.107
13.959598,11.3695,2.5783,219.743
13.979649,11.3583,2.5783,216.654
13.999927,11.3508,2.5783,213.840
14.017982,11.3469,2.5783,211.301
14.041430,11.3465,2.5783,209.037
14.058587,11.3465,2.5783,207.049
14.077682,11.3465,2.5783,205.335
14.096801,11.3465,2.5783,203.896
14.118148,11.3429,2.5819,202.182
14.139947,11.3357,2.5891,200.193
14.158357,11.3249,2.5999,197.929
14.179825,11.3105,2.6143,195.390
14.198631,11.2925,2.6323,192.576
14.218627,11.2709,2.6539,189.487
14.238770,11.2457,2.6791,186.123
14.260188,11.2169,2.7079,182.686
14.279495,11.1845,2.7403,179.248
14.298300,11.1485,2.7763,175.810
14.319720,11.1089,2.8147,172.372
14.339967,11.0657,2.8530,169.161
14.358036,11.0196,2.8914,166.224
14.377248,10.9734,2.9297,163.562
14.397686,10.9273,2.9681,161.175
14.419826,10.8811,3.0064,159.063
14.439206,10.8350,3.0447,157.185
14.459450,10.7888,3.0831,155.494
14.479283,10.7427,3.1214,153.973
14.499402,10.6965,3.1598,152.604
14.515575,10.6504,3.1981,151.371
14.539448,10.6042,3.2365,150.262
14.559451,10.5581,3.2748,149.264
14.576265,10.5119,3.3131,148.366
14.598318,10.4658,3.3515,147.557
14.617209,10.4196,3.3898,146.830
14.635742,10.3735,3.4282,146.175
14.659106,10.3273,3.4665,145.585
14.677501,10.2812,3.5048,145.055
14.695894,10.2350,3.5432,144.577
14.716683,10.1888,3.5815,144.148
14.735965,10.1427,3.6199,143.761
14.760280,10.0965,3.6582,143.413
14.777548,10.0504,3.6966,143.100
14.798317,10.0042,3.7349,142.818
14.818707,9.9581,3.7732,142.564
14.839116,9.9119,3.8116,142.336
14.856334,9.8658,3.8499,142.130
14.877024,9.8196,3.8883,141.945
14.897089,9.7735,3.9266,141.779
14.918520,9.7273,3.9649,141.629
14.939892,9.6812,4.0033,141.494
14.960120,9.6350,4.0416,141.373
14.980174,9.5889,4.0800,141.264
14.997977,9.5427,4.1183,141.165
15.019360,9.4966,4.1567,141.077
15.039259,9.4504,4.1950,140.997
15.059577,9.4043,4.2333,140.925
15.079816,9.3581,4.2717,140.861
15.098900,9.3120,4.3100,140.803
15.118122,9.2658,4.3484,140.751
15.137023,9.2197,4.3867,140.704
15.160292,9.1735,4.4250,140.661
15.179651,9.1274,4.4634,140.623
15.199177,9.0812,4.5017,140.589
15.218940,9.0351,4.5401,140.558
15.239917,8.9889,4.5784,140.530
15.259679,8.9428,4.6168,140.505
15.277720,8.8966,4.6551,140.483
15.298426,8.8505,4.6934,140.463
15.320028,8.8043,4.7318,140.444
15.338515,8.7582,4.7701,140.428
15.359188,8.7120,4.8085,140.413
15.379027,8.6659,4.8468,140.400
15.397965,8.6197,4.8851,140.388
15.419690,8.5736,4.9235,140.377
15.436274,8.5277,4.9616,140.368
15.457732,8.4854,4.9967,140.359
15.479966,8.4466,5.0289,140.351
15.498545,8.4108,5.0586,140.343
15.516922,8.3780,5.0859,140.337
15.540582,8.3477,5.1111,140.331
15.557468,8.3199,5.1342,140.325
15.578495,8.2943,5.1554,140.320
15.600030,8.2708,5.1750,140.316
15.616542,8.2491,5.1930,140.312
15.638793,8.2292,5.2096,140.308
15.658056,8.2109,5.2248,140.305
15.678878,8.1940,5.2388,140.302
15.699161,8.1785,5.2517,140.300
15.719611,8.1642,5.2636,140.297
15.739329,8.1511,5.2745,140.295
15.756626,8.1390,5.2845,140.293
15.778162,8.1279,5.2938,140.292
15.800096,8.1203,5.2994,140.292
15.818456,8.1164,5.3014,140.292
15.840296,8.1161,5.3014,140.292
15.855974,8.1161,5.3014,140.292
15.879758,8.1161,5.3014,140.292
15.899993,8.1161,5.3014,140.292
15.918741,8.1161,5.3014,140.292
15.938085,8.1161,5.3014,140.292
15.960222,8.1161,5.3014,140.292
15.979925,8.1161,5.3014,140.292
15.997876,8.1161,5.3014,140.292
16.020392,8.1161,5.3014,140.292
16.038117,8.1161,5.3014,140.292
16.060521,8.1161,5.3014,140.292
16.080340,8.1161,5.3014,140.292
16.098580,8.1161,5.3014,140.292
16.117666,8.1161,5.3014,140.292
16.137338,8.1161,5.3014,140.292
16.159505,8.1161,5.3014,140.292
16.179065,8.1161,5.3014,140.292
16.196958,8.1161,5.3014,140.292
16.220171,8.1161,5.3014,140.292
16.238944,8.1161,5.3014,140.292
16.257597,8.1161,5.3014,140.292
16.278077,8.1161,5.3014,140.292
16.296497,8.1161,5.3014,140.292
16.316756,8.1161,5.3014,140.292
16.336789,8.1161,5.3014,140.292
16.360123,8.1161,5.3014,140.292
16.376635,8.1161,5.3014,140.292
16.400518,8.1161,5.3014,140.292
16.417089,8.1161,5.3014,140.292
16.437597,8.1161,5.3014,140.292
16.460134,8.1161,5.3014,140.292
16.476365,8.1161,5.3014,140.292
16.500219,8.1161,5.3014,140.292
16.519931,8.1161,5.3014,140.292
16.536326,8.1161,5.3014,140.292
16.559067,8.1161,5.3014,140.292
16.579241,8.1161,5.3014,140.292
16.599357,8.1161,5.3014,140.292
16.617309,8.1161,5.3014,140.292
16.639733,8.1161,5.3014,140.292
16.659734,8.1161,5.3014,140.292
16.677436,8.1161,5.3014,140.292
16.698513,8.1161,5.3014,140.292
16.719663,8.1161,5.3014,140.292
16.739312,8.1161,5.3014,140.292
16.758463,8.1161,5.3014,140.292
16.778870,8.1161,5.3014,140.292
16.800035,8.1161,5.3014,140.292
16.819364,8.1161,5.3014,140.292
16.839807,8.1161,5.3014,140.292
16.857376,8.1161,5.3014,140.292
16.876332,8.1161,5.3014,140.292
16.897028,8.1161,5.3014,140.292
16.920582,8.1161,5.3014,140.292
16.939411,8.1197,5.3050,140.017
16.958940,8.1269,5.3122,139.467
16.976821,8.1377,5.3198,138.642
17.000705,8.1521,5.3271,137.542
17.020171,8.1701,5.3344,136.166
17.039971,8.1917,5.3416,134.516
17.059168,8.2169,5.3487,132.591
17.077511,8.2457,5.3557,130.391
17.100965,8.2781,5.3627,127.916
17.118081,8.3141,5.3696,125.166
17.141341,8.3537,5.3764,122.140
17.158500,8.3969,5.3832,118.840
17.179172,8.4437,5.3899,115.402
17.198849,8.4941,5.3966,111.965
17.219154,8.5481,5.4033,108.527
17.240688,8.6057,5.4100,105.089
17.257120,8.6653,5.4166,101.651
17.277003,8.7250,5.4233,98.214
17.300555,8.7846,5.4300,94.776
17.318014,8.8442,5.4366,91.338
17.339419,8.9038,5.4433,87.900
17.356714,8.9635,5.4500,84.463
17.376469,9.0231,5.4566,81.025
17.399859,9.0827,5.4633,77.587
17.418779,9.1424,5.4700,74.149
17.440126,9.2020,5.4766,70.712
17.459848,9.2616,5.4833,67.274
17.476418,9.3212,5.4900,63.836
17.498255,9.3809,5.4966,60.398
17.516282,9.4405,5.5033,56.961
17.540685,9.5001,5.5100,53.523
17.557647,9.5598,5.5166,50.085
17.579369,9.6194,5.5233,46.647
17.598485,9.6790,5.5300,43.210
17.619588,9.7386,5.5366,39.772
17.638818,9.7983,5.5433,36.433
17.657438,9.8579,5.5500,33.368
17.679900,9.9175,5.5566,30.579
17.699213,9.9772,5.5633,28.065
17.718343,10.0368,5.5700,25.826
17.740845,10.0964,5.5766,23.861
17.757493,10.1560,5.5833,22.113
17.777299,10.2157,5.5900,20.540
17.797222,10.2753,5.5966,19.124
17.820283,10.3349,5.6033,17.849
17.839905,10.3946,5.6100,16.702
17.859961,10.4542,5.6166,15.670
17.877921,10.5138,5.6233,14.741
17.900798,10.5698,5.6294,13.905
17.917842,10.6223,5.6351,13.153
17.936569,10.6711,5.6403,12.479
17.959957,10.7163,5.6450,11.876
17.979418,10.7580,5.6494,11.336
17.997697,10.7960,5.6535,10.855
18.018518,10.8304,5.6572,10.426
18.038125,10.8612,5.6606,10.044
18.058751,10.8885,5.6638,9.703
18.079331,10.9134,5.6667,9.396
18.099411,10.9363,5.6693,9.119
18.117845,10.9574,5.6718,8.870
18.138805,10.9768,5.6741,8.647
18.159209,10.9947,5.6761,8.445
18.177177,11.0111,5.6780,8.264
18.199118,11.0262,5.6798,8.101
18.219474,11.0377,5.6798,8.101
18.239468,11.0456,5.6798,8.101
18.259573,11.0499,5.6798,8.101
18.276589,11.0507,5.6798,8.101
18.300200,11.0507,5.6798,8.101
18.318680,11.0507,5.6798,8.101
18.336530,11.0507,5.6798,8.101
18.356919,11.0543,5.6762,7.826
18.380333,11.0615,5.6690,7.276
18.398208,11.0723,5.6588,6.451
18.416658,11.0867,5.6489,5.350
18.438892,11.1047,5.6391,3.975
18.459095,11.1263,5.6295,2.655
18.476221,11.1515,5.6200,1.481
18.500416,11.1803,5.6107,0.438
18.519366,11.2127,5.6014,-0.490
18.539408,11.2487,5.5923,-1.314
18.557036,11.2883,5.5833,-2.047
18.579228,11.3315,5.5744,-2.700
18.599612,11.3783,5.5655,-3.280
18.618987,11.4287,5.5567,-3.798
18.639668,11.4827,5.5479,-4.260
18.657646,11.5403,5.5391,-4.674
18.678178,11.5996,5.5304,-5.046
18.700294,11.6590,5.5216,-5.381
18.718733,11.7183,5.5128,-5.682
18.738003,11.7777,5.5041,-5.953
18.757767,11.8370,5.4953,-6.197
18.777469,11.8964,5.4866,-6.416
18.799168,11.9558,5.4778,-6.614
18.819270,12.0151,5.4691,-6.792
18.839569,12.0745,5.4603,-6.952
18.858315,12.1338,5.4515,-7.096
18.877010,12.1932,5.4428,-7.225
18.900832,12.2526,5.4340,-7.342
18.916858,12.3119,5.4253,-7.447
18.937067,12.3713,5.4165,-7.542
18.959067,12.4306,5.4078,-7.627
18.977228,12.4900,5.3990,-7.703
18.996503,12.5493,5.3902,-7.772
19.016610,12.6087,5.3815,-7.834
19.037773,12.6681,5.3727,-7.890
19.059437,12.7274,5.3640,-7.940
19.076696,12.7868,5.3552,-7.985
19.100270,12.8438,5.3468,-8.026
19.118017,12.8973,5.3391,-8.063
19.138589,12.9471,5.3319,-8.097
19.158922,12.9934,5.3254,-8.130
19.177957,13.0361,5.3193,-8.164
19.199643,13.0751,5.3138,-8.197
19.216329,13.1106,5.3087,-8.232
19.240327,13.1424,5.3040,-8.266
19.258654,13.1710,5.2997,-8.298
19.275921,13.1974,5.2957,-8.327
19.300553,13.2216,5.2921,-8.353
19.318141,13.2438,5.2887,-8.377
19.340109,13.2643,5.2856,-8.398
19.356916,13.2832,5.2827,-8.417
19.380229,13.3005,5.2801,-8.434
19.399321,13.3165,5.2777,-8.449
19.417084,13.3312,5.2755,-8.463
19.440082,13.3423,5.2755,-8.463
19.458305,13.3497,5.2755,-8.463
19.476012,13.3536,5.2755,-8.463
19.496545,13.3539,5.2755,-8.463
19.519854,13.3539,5.2755,-8.463
19.538608,13.3539,5.2755,-8.463
19.559079,13.3539,5.2755,-8.463
19.577138,13.3539,5.2755,-8.463
19.600043,13.3539,5.2755,-8.463
19.618347,13.3539,5.2755,-8.463
19.639688,13.3539,5.2755,-8.463
19.655953,13.3539,5.2755,-8.463
19.676853,13.3539,5.2755,-8.463
19.700168,13.3539,5.2755,-8.463
19.718987,13.3539,5.2755,-8.463
19.740010,13.3539,5.2755,-8.463
19.759140,13.3539,5.2755,-8.463
19.778909,13.3539,5.2755,-8.463
19.798945,13.3539,5.2755,-8.463
19.817343,13.3539,5.2755,-8.463
19.840550,13.3539,5.2755,-8.463
19.856851,13.3539,5.2755,-8.463
19.878833,13.3539,5.2755,-8.463
19.897012,13.3539,5.2755,-8.463
19.919064,13.3539,5.2755,-8.463
19.939808,13.3539,5.2755,-8.463
19.959294,13.3539,5.2755,-8.463
19.979466,13.3539,5.2755,-8.463
19.999943,13.3539,5.2755,-8.463
20.018053,13.3539,5.2755,-8.463
